{"total_yearly_energy_kwh": 895220214.7899977, "total_monthly_energy_kwh_list": [15062604.34000003, 38333035.46999985, 76057602.79999976, 107097735.7399996, 137041061.6399999, 134861938.36000034, 133542071.81000039, 111170654.88999996, 77990678.76000032, 41092058.37999994, 14114225.129999906, 8856548.979999999], "file": "tartu.gml"}